,result,table,_start,_stop,_time,_measurement,epc,gate,reader,freq_count_1,freq_count_2,rssi_count_1,rssi_count_2,rssi_max_1,rssi_max_2,rssi_min_1,rssi_min_2,rssi_spread_1,rssi_spread_2,rssi_stdev_1,rssi_stdev_2,zone_1,zone_2
,,0,2025-01-14T08:36:00Z,2025-01-14T08:39:00Z,2025-01-14T08:36:04Z,read,EEA10001,Stellantis1,Stellantis1,3,4,7,5,-66,-70,-71,-76,5,6,2.563479777846623,2.3874672772626653,near,near
,,0,2025-01-14T08:36:00Z,2025-01-14T08:39:00Z,2025-01-14T08:36:06Z,read,EEA10001,Stellantis1,Stellantis1,5,4,6,8,-65,-70,-73,-74,8,4,3.430257521916782,1.2464234547582214,near,near
,,0,2025-01-14T08:36:00Z,2025-01-14T08:39:00Z,2025-01-14T08:36:08Z,read,EEA10001,Stellantis1,Stellantis1,5,4,6,6,-70,-70,-74,-76,4,6,1.5491933384829668,2.0412414523193165,near,near
,,0,2025-01-14T08:36:00Z,2025-01-14T08:39:00Z,2025-01-14T08:36:10Z,read,EEA10001,Stellantis1,Stellantis1,4,4,5,9,-65,-72,-75,-79,10,7,4.764451699828637,2.061552812808829,near,near
,,0,2025-01-14T08:36:00Z,2025-01-14T08:39:00Z,2025-01-14T08:36:12Z,read,EEA10001,Stellantis1,Stellantis1,5,6,4,9,-63,-67,-79,-74,16,7,6.831300510639732,2.121320343559642,near,near
,,0,2025-01-14T08:36:00Z,2025-01-14T08:39:00Z,2025-01-14T08:36:14Z,read,EEA10001,Stellantis1,Stellantis1,4,6,4,3,-69,-70,-77,-77,8,7,4.082482904638628,3.511884584284246,near,near
,,0,2025-01-14T08:36:00Z,2025-01-14T08:39:00Z,2025-01-14T08:36:16Z,read,EEA10001,Stellantis1,Stellantis1,4,3,7,,-69,,-74,,5,,2.14919697074224,,near,near
,,0,2025-01-14T08:36:00Z,2025-01-14T08:39:00Z,2025-01-14T08:36:18Z,read,EEA10001,Stellantis1,Stellantis1,6,,4,,-69,,-77,,8,,3.4156502553198678,,near,near
,,0,2025-01-14T08:36:00Z,2025-01-14T08:39:00Z,2025-01-14T08:36:20Z,read,EEA10001,Stellantis1,Stellantis1,4,,3,9,-75,-68,-78,-76,3,8,1.5275252316519452,3.316624790355399,near,near
,,0,2025-01-14T08:36:00Z,2025-01-14T08:39:00Z,2025-01-14T08:36:22Z,read,EEA10001,Stellantis1,Stellantis1,2,6,4,1,-71,-75,-75,-75,4,0,1.8257418583505545,,near,near
,,0,2025-01-14T08:36:00Z,2025-01-14T08:39:00Z,2025-01-14T08:36:24Z,read,EEA10001,Stellantis1,Stellantis1,3,1,1,4,-72,-71,-72,-74,0,3,,1.4142135623730958,near,near
,,0,2025-01-14T08:36:00Z,2025-01-14T08:39:00Z,2025-01-14T08:36:26Z,read,EEA10001,Stellantis1,Stellantis1,1,4,8,7,-68,-71,-74,-77,6,6,1.9999999999999993,1.8644544714716083,near,near
,,0,2025-01-14T08:36:00Z,2025-01-14T08:39:00Z,2025-01-14T08:36:28Z,read,EEA10001,Stellantis1,Stellantis1,6,5,5,3,-72,-74,-74,-77,2,3,0.8944271909999167,1.7320508075688772,near,near
,,0,2025-01-14T08:36:00Z,2025-01-14T08:39:00Z,2025-01-14T08:36:30Z,read,EEA10001,Stellantis1,Stellantis1,4,3,1,3,-71,-72,-71,-74,0,2,,1,near,near
,,0,2025-01-14T08:36:00Z,2025-01-14T08:39:00Z,2025-01-14T08:36:32Z,read,EEA10001,Stellantis1,Stellantis1,1,3,5,4,-66,-73,-78,-76,12,3,5.21536192416212,1.4142135623730943,near,near
,,0,2025-01-14T08:36:00Z,2025-01-14T08:39:00Z,2025-01-14T08:36:34Z,read,EEA10001,Stellantis1,Stellantis1,4,3,4,4,-69,-73,-77,-77,8,4,4.618802153517004,1.7320508075688787,near,near
,,0,2025-01-14T08:36:00Z,2025-01-14T08:39:00Z,2025-01-14T08:36:36Z,read,EEA10001,Stellantis1,Stellantis1,4,3,4,8,-65,-68,-78,-75,13,7,5.715476066494083,2.3260942125619684,near,near
,,0,2025-01-14T08:36:00Z,2025-01-14T08:39:00Z,2025-01-14T08:36:38Z,read,EEA10001,Stellantis1,Stellantis1,3,6,5,11,-70,-65,-74,-77,4,12,1.5811388300841882,4.500505022166452,near,near
,,0,2025-01-14T08:36:00Z,2025-01-14T08:39:00Z,2025-01-14T08:36:40Z,read,EEA10001,Stellantis1,Stellantis1,5,8,7,8,-67,-69,-76,-76,9,7,3.2586880211286893,2.2038926600773596,near,near
,,0,2025-01-14T08:36:00Z,2025-01-14T08:39:00Z,2025-01-14T08:36:42Z,read,EEA10001,Stellantis1,Stellantis1,4,6,6,6,-63,-68,-77,-78,14,10,4.9799598391954945,4.033195589934445,near,near
,,0,2025-01-14T08:36:00Z,2025-01-14T08:39:00Z,2025-01-14T08:36:44Z,read,EEA10001,Stellantis1,Stellantis1,6,5,11,6,-64,-74,-78,-78,14,4,4.390071442781687,1.5055453054181602,near,near
,,0,2025-01-14T08:36:00Z,2025-01-14T08:39:00Z,2025-01-14T08:36:46Z,read,EEA10001,Stellantis1,Stellantis1,6,5,3,5,-63,-72,-76,-81,13,9,6.506407098647713,3.2403703492039293,near,near
,,0,2025-01-14T08:36:00Z,2025-01-14T08:39:00Z,2025-01-14T08:36:48Z,read,EEA10001,Stellantis1,Stellantis1,3,5,3,6,-69,-70,-74,-73,5,3,2.6457513110645907,1.5055453054181624,near,near
,,0,2025-01-14T08:36:00Z,2025-01-14T08:39:00Z,2025-01-14T08:36:50Z,read,EEA10001,Stellantis1,Stellantis1,2,4,8,9,-63,-69,-77,-75,14,6,4.062019202317976,2.3863035105460595,near,near
,,0,2025-01-14T08:36:00Z,2025-01-14T08:39:00Z,2025-01-14T08:36:52Z,read,EEA10001,Stellantis1,Stellantis1,8,5,7,12,-65,-68,-76,-78,11,10,3.5989416433697503,2.3011854652449317,near,near
,,0,2025-01-14T08:36:00Z,2025-01-14T08:39:00Z,2025-01-14T08:36:54Z,read,EEA10001,Stellantis1,Stellantis1,4,7,8,9,-64,-72,-76,-79,12,7,4.432026302139592,2.538591035287969,near,near
,,0,2025-01-14T08:36:00Z,2025-01-14T08:39:00Z,2025-01-14T08:36:56Z,read,EEA10001,Stellantis1,Stellantis1,7,4,12,7,-60,-72,-69,-78,9,6,2.5761140573281365,1.9880595947760102,near,near
,,0,2025-01-14T08:36:00Z,2025-01-14T08:39:00Z,2025-01-14T08:36:58Z,read,EEA10001,Stellantis1,Stellantis1,9,6,5,9,-65,-68,-70,-77,5,9,2.167948338867879,2.948634335492354,near,near
,,0,2025-01-14T08:36:00Z,2025-01-14T08:39:00Z,2025-01-14T08:37:00Z,read,EEA10001,Stellantis1,Stellantis1,4,7,4,14,-61,-69,-79,-76,18,7,10.111874208078342,2.127785827444228,near,near
,,0,2025-01-14T08:36:00Z,2025-01-14T08:39:00Z,2025-01-14T08:37:02Z,read,EEA10001,Stellantis1,Stellantis1,4,9,8,6,-64,-69,-74,-76,10,7,3.535533905932731,2.503331114069144,med,med
,,0,2025-01-14T08:36:00Z,2025-01-14T08:39:00Z,2025-01-14T08:37:04Z,read,EEA10001,Stellantis1,Stellantis1,7,5,3,6,-68,-69,-76,-77,8,8,4,3.033150177620621,med,med
,,0,2025-01-14T08:36:00Z,2025-01-14T08:39:00Z,2025-01-14T08:37:06Z,read,EEA10001,Stellantis1,Stellantis1,3,3,7,6,-67,-63,-76,-72,9,9,3.5523298860110977,3.146426544510454,med,med
,,0,2025-01-14T08:36:00Z,2025-01-14T08:39:00Z,2025-01-14T08:37:08Z,read,EEA10001,Stellantis1,Stellantis1,4,4,,7,,-63,,-75,,12,,4.572172558506724,med,med
,,0,2025-01-14T08:36:00Z,2025-01-14T08:39:00Z,2025-01-14T08:37:12Z,read,EEA10001,Stellantis1,Stellantis1,2,6,8,10,-67,-65,-74,-75,7,10,2.5877458475338284,3.533962208186285,med,med
,,0,2025-01-14T08:36:00Z,2025-01-14T08:39:00Z,2025-01-14T08:37:14Z,read,EEA10001,Stellantis1,Stellantis1,7,6,4,10,-67,-64,-74,-71,7,7,3.304037933599834,2.162817093001113,med,med
,,0,2025-01-14T08:36:00Z,2025-01-14T08:39:00Z,2025-01-14T08:37:16Z,read,EEA10001,Stellantis1,Stellantis1,2,7,1,7,-78,-68,-78,-75,0,7,,2.1380899352993947,med,med
,,0,2025-01-14T08:36:00Z,2025-01-14T08:39:00Z,2025-01-14T08:37:18Z,read,EEA10001,Stellantis1,Stellantis1,1,4,4,7,-66,-62,-71,-79,5,17,2.449489742783178,5.639993245521113,med,med
,,0,2025-01-14T08:36:00Z,2025-01-14T08:39:00Z,2025-01-14T08:37:20Z,read,EEA10001,Stellantis1,Stellantis1,3,5,4,9,-67,-63,-75,-70,8,7,3.9475730941090044,2.0682789409984768,med,med
,,0,2025-01-14T08:36:00Z,2025-01-14T08:39:00Z,2025-01-14T08:37:22Z,read,EEA10001,Stellantis1,Stellantis1,4,8,4,14,-69,-64,-74,-73,5,9,2.1602468994692883,3.0237157840738176,med,med
,,0,2025-01-14T08:36:00Z,2025-01-14T08:39:00Z,2025-01-14T08:37:24Z,read,EEA10001,Stellantis1,Stellantis1,3,9,,8,,-61,,-75,,14,,5.208166663999915,med,med
,,0,2025-01-14T08:36:00Z,2025-01-14T08:39:00Z,2025-01-14T08:37:28Z,read,EEA10001,Stellantis1,Stellantis1,1,8,8,11,-67,-64,-77,-72,10,8,3.61544306709822,2.6250541119963824,med,med
,,0,2025-01-14T08:36:00Z,2025-01-14T08:39:00Z,2025-01-14T08:37:30Z,read,EEA10001,Stellantis1,Stellantis1,5,8,4,8,-69,-67,-76,-75,7,8,3.5118845842842465,2.9730936268953427,med,med
,,0,2025-01-14T08:36:00Z,2025-01-14T08:39:00Z,2025-01-14T08:37:32Z,read,EEA10001,Stellantis1,Stellantis1,4,7,3,9,-77,-63,-78,-71,1,8,0.5773502691896278,2.4720661623652207,med,med
,,0,2025-01-14T08:36:00Z,2025-01-14T08:39:00Z,2025-01-14T08:37:34Z,read,EEA10001,Stellantis1,Stellantis1,3,5,5,8,-66,-64,-77,-78,11,14,4.54972526643093,4.105745103771405,med,med
,,0,2025-01-14T08:36:00Z,2025-01-14T08:39:00Z,2025-01-14T08:37:36Z,read,EEA10001,Stellantis1,Stellantis1,3,6,9,14,-66,-63,-76,-77,10,14,3.333333333333331,4.263955755084552,med,med
,,0,2025-01-14T08:36:00Z,2025-01-14T08:39:00Z,2025-01-14T08:37:38Z,read,EEA10001,Stellantis1,Stellantis1,7,7,4,15,-69,-61,-74,-76,5,15,2.3804761428476167,4.02137147891469,med,med
,,0,2025-01-14T08:36:00Z,2025-01-14T08:39:00Z,2025-01-14T08:37:40Z,read,EEA10001,Stellantis1,Stellantis1,3,7,,11,,-62,,-73,,11,,3.2946237197205783,med,med
,,0,2025-01-14T08:36:00Z,2025-01-14T08:39:00Z,2025-01-14T08:37:44Z,read,EEA10001,Stellantis1,Stellantis1,2,5,6,10,-68,-66,-80,-74,12,8,4.633213427705082,2.7406406388125975,med,med
,,0,2025-01-14T08:36:00Z,2025-01-14T08:39:00Z,2025-01-14T08:37:46Z,read,EEA10001,Stellantis1,Stellantis1,5,7,7,13,-72,-65,-75,-72,3,7,1.0690449676496987,2.154303980645639,med,med
,,0,2025-01-14T08:36:00Z,2025-01-14T08:39:00Z,2025-01-14T08:37:48Z,read,EEA10001,Stellantis1,Stellantis1,7,7,1,7,-77,-63,-77,-74,0,11,,3.988077469754303,med,med
,,0,2025-01-14T08:36:00Z,2025-01-14T08:39:00Z,2025-01-14T08:37:50Z,read,EEA10001,Stellantis1,Stellantis1,1,5,15,6,-66,-64,-74,-73,8,9,2.267786838055361,3.016620625799671,med,med
,,0,2025-01-14T08:36:00Z,2025-01-14T08:39:00Z,2025-01-14T08:37:52Z,read,EEA10001,Stellantis1,Stellantis1,9,5,5,14,-70,-63,-79,-74,9,11,3.6469165057620945,3.668248077222143,med,med
,,0,2025-01-14T08:36:00Z,2025-01-14T08:39:00Z,2025-01-14T08:37:54Z,read,EEA10001,Stellantis1,Stellantis1,5,8,,6,,-62,,-76,,14,,5.890670590009257,med,med
,,0,2025-01-14T08:36:00Z,2025-01-14T08:39:00Z,2025-01-14T08:37:58Z,read,EEA10001,Stellantis1,Stellantis1,5,8,3,8,-68,-63,-72,-75,4,12,2,3.6154430670982163,med,med
,,0,2025-01-14T08:36:00Z,2025-01-14T08:39:00Z,2025-01-14T08:38:00Z,read,EEA10001,Stellantis1,Stellantis1,3,7,4,10,-70,-61,-79,-70,9,9,3.7416573867739413,2.9608557321603266,med,med
,,0,2025-01-14T08:36:00Z,2025-01-14T08:39:00Z,2025-01-14T08:38:02Z,read,EEA10001,Stellantis1,Stellantis1,4,7,,8,,-62,,-78,,16,,5.208166663999913,far,far
,,0,2025-01-14T08:36:00Z,2025-01-14T08:39:00Z,2025-01-14T08:38:06Z,read,EEA10001,Stellantis1,Stellantis1,2,7,6,11,-72,-59,-79,-68,7,9,2.683281572999748,2.493628243780901,far,far
,,0,2025-01-14T08:36:00Z,2025-01-14T08:39:00Z,2025-01-14T08:38:08Z,read,EEA10001,Stellantis1,Stellantis1,5,6,6,8,-71,-61,-79,-67,8,6,2.8284271247461916,1.927248223318865,far,far
,,0,2025-01-14T08:36:00Z,2025-01-14T08:39:00Z,2025-01-14T08:38:10Z,read,EEA10001,Stellantis1,Stellantis1,4,6,5,9,-72,-60,-77,-67,5,7,1.9235384061671361,3.004626062886657,far,far
,,0,2025-01-14T08:36:00Z,2025-01-14T08:39:00Z,2025-01-14T08:38:12Z,read,EEA10001,Stellantis1,Stellantis1,4,7,6,9,-73,-59,-76,-66,3,7,1.3291601358251253,2.4494897427831783,far,far
,,0,2025-01-14T08:36:00Z,2025-01-14T08:39:00Z,2025-01-14T08:38:14Z,read,EEA10001,Stellantis1,Stellantis1,5,8,2,3,-73,-63,-77,-68,4,5,2.8284271247461903,2.88675134594813,far,far
,,0,2025-01-14T08:36:00Z,2025-01-14T08:39:00Z,2025-01-14T08:38:16Z,read,EEA10001,Stellantis1,Stellantis1,2,3,3,3,-75,-63,-77,-64,2,1,1,0.5773502691896247,far,far
,,0,2025-01-14T08:36:00Z,2025-01-14T08:39:00Z,2025-01-14T08:38:18Z,read,EEA10001,Stellantis1,Stellantis1,3,3,4,8,-70,-64,-76,-70,6,6,2.8722813232690143,1.7728105208558371,far,far
,,0,2025-01-14T08:36:00Z,2025-01-14T08:39:00Z,2025-01-14T08:38:20Z,read,EEA10001,Stellantis1,Stellantis1,4,7,2,6,-69,-62,-73,-65,4,3,2.8284271247461903,1.0327955589886446,far,far
,,0,2025-01-14T08:36:00Z,2025-01-14T08:39:00Z,2025-01-14T08:38:22Z,read,EEA10001,Stellantis1,Stellantis1,2,6,6,10,-73,-60,-76,-69,3,9,1.032795558988646,3.0203016773531455,far,far
,,0,2025-01-14T08:36:00Z,2025-01-14T08:39:00Z,2025-01-14T08:38:24Z,read,EEA10001,Stellantis1,Stellantis1,4,6,5,6,-70,-63,-74,-71,4,8,1.788854381999831,3.386246693120081,far,far
,,0,2025-01-14T08:36:00Z,2025-01-14T08:39:00Z,2025-01-14T08:38:26Z,read,EEA10001,Stellantis1,Stellantis1,4,4,4,6,-75,-58,-80,-67,5,9,2.0816659994661326,3.4880749227427232,far,far
,,0,2025-01-14T08:36:00Z,2025-01-14T08:39:00Z,2025-01-14T08:38:28Z,read,EEA10001,Stellantis1,Stellantis1,4,6,6,5,-73,-61,-77,-71,4,10,1.7224014243685053,4.494441010848848,far,far
,,0,2025-01-14T08:36:00Z,2025-01-14T08:39:00Z,2025-01-14T08:38:30Z,read,EEA10001,Stellantis1,Stellantis1,6,4,5,10,-73,-60,-77,-68,4,8,1.5165750888103091,2.460803843372234,far,far
,,0,2025-01-14T08:36:00Z,2025-01-14T08:39:00Z,2025-01-14T08:38:32Z,read,EEA10001,Stellantis1,Stellantis1,4,6,5,9,-74,-61,-76,-65,2,4,0.8366600265340772,1.3017082793177759,far,far
,,0,2025-01-14T08:36:00Z,2025-01-14T08:39:00Z,2025-01-14T08:38:34Z,read,EEA10001,Stellantis1,Stellantis1,5,6,1,6,-75,-62,-75,-67,0,5,,1.7606816861659003,far,far
,,0,2025-01-14T08:36:00Z,2025-01-14T08:39:00Z,2025-01-14T08:38:36Z,read,EEA10001,Stellantis1,Stellantis1,1,5,6,5,-74,-60,-78,-67,4,7,1.3784048752090217,3.286335345030997,far,far
,,0,2025-01-14T08:36:00Z,2025-01-14T08:39:00Z,2025-01-14T08:38:38Z,read,EEA10001,Stellantis1,Stellantis1,5,5,3,8,-77,-60,-77,-68,0,8,0,3.044315545875156,far,far
,,0,2025-01-14T08:36:00Z,2025-01-14T08:39:00Z,2025-01-14T08:38:40Z,read,EEA10001,Stellantis1,Stellantis1,2,5,2,7,-73,-61,-74,-66,1,5,0.7071067811865476,1.951800145897067,far,far
,,0,2025-01-14T08:36:00Z,2025-01-14T08:39:00Z,2025-01-14T08:38:42Z,read,EEA10001,Stellantis1,Stellantis1,2,5,2,11,-75,-61,-75,-69,0,8,0,2.2074254852038084,far,far
,,0,2025-01-14T08:36:00Z,2025-01-14T08:39:00Z,2025-01-14T08:38:44Z,read,EEA10001,Stellantis1,Stellantis1,2,8,,9,,-61,,-78,,17,,6.260546656997648,far,far
,,0,2025-01-14T08:36:00Z,2025-01-14T08:39:00Z,2025-01-14T08:38:48Z,read,EEA10001,Stellantis1,Stellantis1,1,8,1,5,-74,-63,-74,-72,0,9,,4.086563348340508,far,far
,,0,2025-01-14T08:36:00Z,2025-01-14T08:39:00Z,2025-01-14T08:38:50Z,read,EEA10001,Stellantis1,Stellantis1,1,5,6,9,-73,-62,-79,-68,6,6,2.4832774042918904,2.5221243250702594,far,far
,,0,2025-01-14T08:36:00Z,2025-01-14T08:39:00Z,2025-01-14T08:38:52Z,read,EEA10001,Stellantis1,Stellantis1,4,8,3,6,-73,-60,-79,-66,6,6,3.4641016151377544,2.16794833886788,far,far
,,0,2025-01-14T08:36:00Z,2025-01-14T08:39:00Z,2025-01-14T08:38:54Z,read,EEA10001,Stellantis1,Stellantis1,3,5,,8,,-63,,-70,,7,,2.5071326821120374,far,far
,,0,2025-01-14T08:36:00Z,2025-01-14T08:39:00Z,2025-01-14T08:38:58Z,read,EEA10001,Stellantis1,Stellantis1,5,5,13,11,-74,-58,-78,-70,4,12,1.198289379030556,3.633180424916997,far,far
,,0,2025-01-14T08:36:00Z,2025-01-14T08:39:00Z,2025-01-14T08:37:10Z,read,EEA10001,Stellantis1,Stellantis1,,5,2,8,-76,-63,-77,-71,1,8,0.7071067811865476,2.6592157812837542,med,med
,,0,2025-01-14T08:36:00Z,2025-01-14T08:39:00Z,2025-01-14T08:37:26Z,read,EEA10001,Stellantis1,Stellantis1,,5,1,10,-72,-65,-72,-72,0,7,,2.013840995599093,med,med
,,0,2025-01-14T08:36:00Z,2025-01-14T08:39:00Z,2025-01-14T08:37:42Z,read,EEA10001,Stellantis1,Stellantis1,,7,2,7,-71,-66,-73,-74,2,8,1.4142135623730951,2.544836041121405,med,med
,,0,2025-01-14T08:36:00Z,2025-01-14T08:39:00Z,2025-01-14T08:37:56Z,read,EEA10001,Stellantis1,Stellantis1,,4,5,15,-71,-62,-81,-74,10,12,3.6469165057620954,3.3338094898007764,med,med
,,0,2025-01-14T08:36:00Z,2025-01-14T08:39:00Z,2025-01-14T08:38:04Z,read,EEA10001,Stellantis1,Stellantis1,,7,2,9,-73,-63,-75,-74,2,11,1.4142135623730951,3.1224989991992014,far,far
,,0,2025-01-14T08:36:00Z,2025-01-14T08:39:00Z,2025-01-14T08:38:46Z,read,EEA10001,Stellantis1,Stellantis1,,8,1,13,-74,-59,-74,-70,0,11,,3.7330814933372993,far,far
,,0,2025-01-14T08:36:00Z,2025-01-14T08:39:00Z,2025-01-14T08:38:56Z,read,EEA10001,Stellantis1,Stellantis1,,6,5,7,-74,-60,-77,-65,3,5,1.2247448713915898,1.9760470401187082,far,far
,,0,2025-01-14T08:36:00Z,2025-01-14T08:39:00Z,2025-01-14T08:36:02Z,read,EEA10001,Stellantis1,Stellantis1,,,4,6,-70,-70,-77,-76,7,6,3.1091263510296048,2.228601953392902,near,near
,,0,2025-01-14T08:36:00Z,2025-01-14T08:39:00Z,2025-01-14T08:36:04Z,read,EEA12222,Stellantis1,Stellantis1,2,4,10,10,-64,-65,-73,-74,9,9,3.272783388968953,2.9981475762358483,near,near
,,0,2025-01-14T08:36:00Z,2025-01-14T08:39:00Z,2025-01-14T08:36:06Z,read,EEA12222,Stellantis1,Stellantis1,7,7,5,11,-60,-68,-71,-73,11,5,4.024922359499622,1.6348477827391952,near,near
,,0,2025-01-14T08:36:00Z,2025-01-14T08:39:00Z,2025-01-14T08:36:08Z,read,EEA12222,Stellantis1,Stellantis1,4,7,7,14,-63,-68,-72,-75,9,7,4.1518785191880605,2.016416144037254,near,near
,,0,2025-01-14T08:36:00Z,2025-01-14T08:39:00Z,2025-01-14T08:36:10Z,read,EEA12222,Stellantis1,Stellantis1,6,7,10,10,-62,-66,-73,-74,11,8,3.802046232695699,2.677063067368168,near,near
,,0,2025-01-14T08:36:00Z,2025-01-14T08:39:00Z,2025-01-14T08:36:12Z,read,EEA12222,Stellantis1,Stellantis1,6,7,10,11,-57,-65,-69,-73,12,8,3.725288952252937,2.4936282437808974,near,near
,,0,2025-01-14T08:36:00Z,2025-01-14T08:39:00Z,2025-01-14T08:36:14Z,read,EEA12222,Stellantis1,Stellantis1,6,8,2,4,-71,-74,-72,-78,1,4,0.7071067811865476,1.892969448600092,near,near
,,0,2025-01-14T08:36:00Z,2025-01-14T08:39:00Z,2025-01-14T08:36:16Z,read,EEA12222,Stellantis1,Stellantis1,2,4,3,,-65,,-69,,4,,2,,near,near
,,0,2025-01-14T08:36:00Z,2025-01-14T08:39:00Z,2025-01-14T08:36:18Z,read,EEA12222,Stellantis1,Stellantis1,3,,10,8,-60,-67,-70,-73,10,6,4.196559437338056,2.1380899352993907,near,near
,,0,2025-01-14T08:36:00Z,2025-01-14T08:39:00Z,2025-01-14T08:36:20Z,read,EEA12222,Stellantis1,Stellantis1,7,6,11,12,-62,-65,-70,-72,8,7,2.9014103153779938,2.329000305762629,near,near
,,0,2025-01-14T08:36:00Z,2025-01-14T08:39:00Z,2025-01-14T08:36:22Z,read,EEA12222,Stellantis1,Stellantis1,7,8,9,10,-62,-67,-74,-76,12,9,4.358898943540673,3.446415206816755,near,near
,,0,2025-01-14T08:36:00Z,2025-01-14T08:39:00Z,2025-01-14T08:36:24Z,read,EEA12222,Stellantis1,Stellantis1,6,7,16,6,-62,-66,-72,-72,10,6,2.7560539423845323,2.190890230020664,near,near
,,0,2025-01-14T08:36:00Z,2025-01-14T08:39:00Z,2025-01-14T08:36:26Z,read,EEA12222,Stellantis1,Stellantis1,9,4,9,11,-62,-66,-69,-72,7,6,2.3687784005919825,1.8140862964338522,near,near
,,0,2025-01-14T08:36:00Z,2025-01-14T08:39:00Z,2025-01-14T08:36:28Z,read,EEA12222,Stellantis1,Stellantis1,5,4,8,8,-65,-70,-68,-72,3,2,1.1259916264596055,0.7071067811865479,near,near
,,0,2025-01-14T08:36:00Z,2025-01-14T08:39:00Z,2025-01-14T08:36:30Z,read,EEA12222,Stellantis1,Stellantis1,6,5,9,6,-64,-70,-69,-72,5,2,1.6666666666666663,0.8164965809277254,near,near
,,0,2025-01-14T08:36:00Z,2025-01-14T08:39:00Z,2025-01-14T08:36:32Z,read,EEA12222,Stellantis1,Stellantis1,6,3,6,3,-61,-70,-70,-71,9,1,3.0767948691238187,0.5773502691896247,near,near
,,0,2025-01-14T08:36:00Z,2025-01-14T08:39:00Z,2025-01-14T08:36:34Z,read,EEA12222,Stellantis1,Stellantis1,5,3,9,10,-66,-66,-75,-72,9,6,2.872281323269014,2.1317702607092666,near,near
,,0,2025-01-14T08:36:00Z,2025-01-14T08:39:00Z,2025-01-14T08:36:36Z,read,EEA12222,Stellantis1,Stellantis1,7,7,5,9,-62,-65,-71,-74,9,9,3.507135583350037,2.990726407487727,near,near
,,0,2025-01-14T08:36:00Z,2025-01-14T08:39:00Z,2025-01-14T08:36:38Z,read,EEA12222,Stellantis1,Stellantis1,4,7,4,3,-65,-67,-75,-74,10,7,4.203173404306164,3.605551275463989,near,near
,,0,2025-01-14T08:36:00Z,2025-01-14T08:39:00Z,2025-01-14T08:36:40Z,read,EEA12222,Stellantis1,Stellantis1,2,3,7,6,-60,-67,-74,-74,14,7,5.094347941825425,2.6583202716502528,near,near
,,0,2025-01-14T08:36:00Z,2025-01-14T08:39:00Z,2025-01-14T08:36:42Z,read,EEA12222,Stellantis1,Stellantis1,6,5,9,6,-59,-67,-67,-74,8,7,2.3452078799117153,2.6583202716502505,near,near
,,0,2025-01-14T08:36:00Z,2025-01-14T08:39:00Z,2025-01-14T08:36:44Z,read,EEA12222,Stellantis1,Stellantis1,5,4,8,3,-60,-71,-68,-76,8,5,2.4748737341529163,2.6457513110645907,near,near
,,0,2025-01-14T08:36:00Z,2025-01-14T08:39:00Z,2025-01-14T08:36:46Z,read,EEA12222,Stellantis1,Stellantis1,6,3,9,3,-59,-69,-72,-74,13,5,4.790035954399974,2.516611478423583,near,near
,,0,2025-01-14T08:36:00Z,2025-01-14T08:39:00Z,2025-01-14T08:36:48Z,read,EEA12222,Stellantis1,Stellantis1,6,3,12,5,-58,-67,-71,-70,13,3,3.467380462644282,1.3416407864998738,near,near
,,0,2025-01-14T08:36:00Z,2025-01-14T08:39:00Z,2025-01-14T08:36:50Z,read,EEA12222,Stellantis1,Stellantis1,8,5,11,11,-60,-67,-74,-72,14,5,4.295875400258419,1.9116865471476938,near,near
,,0,2025-01-14T08:36:00Z,2025-01-14T08:39:00Z,2025-01-14T08:36:52Z,read,EEA12222,Stellantis1,Stellantis1,7,7,9,6,-62,-70,-68,-74,6,4,2.0275875100994054,1.6020819787597218,near,near
,,0,2025-01-14T08:36:00Z,2025-01-14T08:39:00Z,2025-01-14T08:36:54Z,read,EEA12222,Stellantis1,Stellantis1,7,5,9,2,-61,-70,-72,-73,11,3,3.0000000000000013,2.1213203435596424,near,near
,,0,2025-01-14T08:36:00Z,2025-01-14T08:39:00Z,2025-01-14T08:36:56Z,read,EEA12222,Stellantis1,Stellantis1,6,2,11,4,-58,-72,-70,-75,12,3,3.5598774238346014,1.4999999999999996,near,near
,,0,2025-01-14T08:36:00Z,2025-01-14T08:39:00Z,2025-01-14T08:36:58Z,read,EEA12222,Stellantis1,Stellantis1,5,4,12,13,-61,-65,-74,-71,13,6,3.537676004830221,2.393902510706989,near,near
,,0,2025-01-14T08:36:00Z,2025-01-14T08:39:00Z,2025-01-14T08:37:00Z,read,EEA12222,Stellantis1,Stellantis1,7,8,10,7,-65,-69,-71,-74,6,5,1.8408935028645443,1.902379462422683,near,near
,,0,2025-01-14T08:36:00Z,2025-01-14T08:39:00Z,2025-01-14T08:37:02Z,read,EEA12222,Stellantis1,Stellantis1,7,6,6,11,-63,-66,-71,-75,8,9,2.9268868558020262,3.0748244591432283,med,med
,,0,2025-01-14T08:36:00Z,2025-01-14T08:39:00Z,2025-01-14T08:37:04Z,read,EEA12222,Stellantis1,Stellantis1,5,6,9,9,-61,-67,-72,-75,11,8,4.031128874149275,2.96273147243853,med,med
,,0,2025-01-14T08:36:00Z,2025-01-14T08:39:00Z,2025-01-14T08:37:06Z,read,EEA12222,Stellantis1,Stellantis1,8,5,8,10,-66,-62,-70,-71,4,9,1.4577379737113256,2.6583202716502536,med,med
,,0,2025-01-14T08:36:00Z,2025-01-14T08:39:00Z,2025-01-14T08:37:08Z,read,EEA12222,Stellantis1,Stellantis1,6,7,1,7,-77,-58,-77,-72,0,14,,5.656854249492381,med,med
,,0,2025-01-14T08:36:00Z,2025-01-14T08:39:00Z,2025-01-14T08:37:10Z,read,EEA12222,Stellantis1,Stellantis1,1,6,4,6,-63,-63,-75,-67,12,4,5.163977794943224,1.4719601443879766,med,med
,,0,2025-01-14T08:36:00Z,2025-01-14T08:39:00Z,2025-01-14T08:37:12Z,read,EEA12222,Stellantis1,Stellantis1,3,4,8,15,-64,-63,-70,-66,6,3,2.0658792662827956,1.2909944487358054,med,med
,,0,2025-01-14T08:36:00Z,2025-01-14T08:39:00Z,2025-01-14T08:37:14Z,read,EEA12222,Stellantis1,Stellantis1,6,9,8,12,-65,-61,-73,-70,8,9,2.6958963523950943,2.5390883594254268,med,med
,,0,2025-01-14T08:36:00Z,2025-01-14T08:39:00Z,2025-01-14T08:37:16Z,read,EEA12222,Stellantis1,Stellantis1,5,7,2,9,-71,-61,-72,-76,1,15,0.7071067811865476,5.14241620684717,med,med
,,0,2025-01-14T08:36:00Z,2025-01-14T08:39:00Z,2025-01-14T08:37:18Z,read,EEA12222,Stellantis1,Stellantis1,2,6,5,13,-67,-60,-74,-71,7,11,2.549509756796392,3.1235252930639534,med,med
,,0,2025-01-14T08:36:00Z,2025-01-14T08:39:00Z,2025-01-14T08:37:20Z,read,EEA12222,Stellantis1,Stellantis1,5,8,6,12,-63,-59,-68,-70,5,11,2.136976056643279,3.010084062049773,med,med
,,0,2025-01-14T08:36:00Z,2025-01-14T08:39:00Z,2025-01-14T08:37:22Z,read,EEA12222,Stellantis1,Stellantis1,5,7,8,11,-65,-61,-73,-69,8,8,3.32737562824346,3.0090771765685,med,med
,,0,2025-01-14T08:36:00Z,2025-01-14T08:39:00Z,2025-01-14T08:37:24Z,read,EEA12222,Stellantis1,Stellantis1,6,7,2,13,-72,-58,-72,-70,0,12,0,3.7893237337253662,med,med
,,0,2025-01-14T08:36:00Z,2025-01-14T08:39:00Z,2025-01-14T08:37:26Z,read,EEA12222,Stellantis1,Stellantis1,2,8,4,3,-65,-61,-71,-66,6,5,2.6457513110645925,2.5166114784235822,med,med
,,0,2025-01-14T08:36:00Z,2025-01-14T08:39:00Z,2025-01-14T08:37:28Z,read,EEA12222,Stellantis1,Stellantis1,4,3,8,11,-63,-63,-67,-73,4,10,1.1877349391654195,2.975658826973524,med,med
,,0,2025-01-14T08:36:00Z,2025-01-14T08:39:00Z,2025-01-14T08:37:30Z,read,EEA12222,Stellantis1,Stellantis1,6,7,12,11,-63,-61,-76,-69,13,8,4.3719144963775625,2.423371055519001,med,med
,,0,2025-01-14T08:36:00Z,2025-01-14T08:39:00Z,2025-01-14T08:37:32Z,read,EEA12222,Stellantis1,Stellantis1,8,5,5,13,-63,-59,-74,-69,11,10,4.878524367060187,3.0655237558100734,med,med
,,0,2025-01-14T08:36:00Z,2025-01-14T08:39:00Z,2025-01-14T08:37:34Z,read,EEA12222,Stellantis1,Stellantis1,4,9,8,11,-64,-61,-73,-67,9,6,2.8753881725529093,1.5550504230351558,med,med
,,0,2025-01-14T08:36:00Z,2025-01-14T08:39:00Z,2025-01-14T08:37:36Z,read,EEA12222,Stellantis1,Stellantis1,6,6,8,6,-64,-65,-68,-75,4,10,1.5118578920369097,3.449637662132068,med,med
,,0,2025-01-14T08:36:00Z,2025-01-14T08:39:00Z,2025-01-14T08:37:38Z,read,EEA12222,Stellantis1,Stellantis1,7,5,7,9,-67,-61,-74,-69,7,8,2.70801280154532,2.948634335492353,med,med
,,0,2025-01-14T08:36:00Z,2025-01-14T08:39:00Z,2025-01-14T08:37:40Z,read,EEA12222,Stellantis1,Stellantis1,6,6,4,9,-70,-60,-72,-71,2,11,0.816496580927726,4.176654695380556,med,med
,,0,2025-01-14T08:36:00Z,2025-01-14T08:39:00Z,2025-01-14T08:37:42Z,read,EEA12222,Stellantis1,Stellantis1,4,7,11,12,-64,-62,-74,-73,10,11,3.07482445914323,3.720337228116437,med,med
,,0,2025-01-14T08:36:00Z,2025-01-14T08:39:00Z,2025-01-14T08:37:44Z,read,EEA12222,Stellantis1,Stellantis1,8,8,10,15,-65,-63,-74,-74,9,11,2.923088169119168,3.015831244489335,med,med
,,0,2025-01-14T08:36:00Z,2025-01-14T08:39:00Z,2025-01-14T08:37:46Z,read,EEA12222,Stellantis1,Stellantis1,6,8,6,9,-65,-61,-72,-72,7,11,3.146426544510455,3.240370349203931,med,med
,,0,2025-01-14T08:36:00Z,2025-01-14T08:39:00Z,2025-01-14T08:37:48Z,read,EEA12222,Stellantis1,Stellantis1,5,6,2,9,-62,-60,-72,-70,10,10,7.0710678118654755,3.407508050043479,med,med
,,0,2025-01-14T08:36:00Z,2025-01-14T08:39:00Z,2025-01-14T08:37:50Z,read,EEA12222,Stellantis1,Stellantis1,2,7,6,9,-61,-64,-68,-72,7,8,3.2863353450309964,2.64575131106459,med,med
,,0,2025-01-14T08:36:00Z,2025-01-14T08:39:00Z,2025-01-14T08:37:52Z,read,EEA12222,Stellantis1,Stellantis1,5,6,10,8,-65,-64,-72,-72,7,8,2.4944382578492936,2.8157719063467153,med,med
,,0,2025-01-14T08:36:00Z,2025-01-14T08:39:00Z,2025-01-14T08:37:54Z,read,EEA12222,Stellantis1,Stellantis1,7,6,5,18,-67,-60,-74,-75,7,15,2.5884358211089564,4.358524065110088,med,med
,,0,2025-01-14T08:36:00Z,2025-01-14T08:39:00Z,2025-01-14T08:37:56Z,read,EEA12222,Stellantis1,Stellantis1,4,7,9,11,-66,-60,-76,-68,10,8,3.905124837953329,2.2522715805886446,med,med
,,0,2025-01-14T08:36:00Z,2025-01-14T08:39:00Z,2025-01-14T08:37:58Z,read,EEA12222,Stellantis1,Stellantis1,7,6,10,16,-64,-62,-71,-74,7,12,2.2705848487901887,3.095695936834449,med,med
,,0,2025-01-14T08:36:00Z,2025-01-14T08:39:00Z,2025-01-14T08:38:00Z,read,EEA12222,Stellantis1,Stellantis1,8,8,9,10,-67,-60,-75,-67,8,7,2.7738861628488736,2.4944382578492954,med,med
,,0,2025-01-14T08:36:00Z,2025-01-14T08:39:00Z,2025-01-14T08:38:02Z,read,EEA12222,Stellantis1,Stellantis1,5,8,7,8,-69,-60,-75,-75,6,15,1.9760470401187067,4.627171304989074,far,far
,,0,2025-01-14T08:36:00Z,2025-01-14T08:39:00Z,2025-01-14T08:38:04Z,read,EEA12222,Stellantis1,Stellantis1,5,6,3,13,-67,-62,-75,-71,8,9,4.618802153517004,2.8238907511373346,far,far
,,0,2025-01-14T08:36:00Z,2025-01-14T08:39:00Z,2025-01-14T08:38:06Z,read,EEA12222,Stellantis1,Stellantis1,3,7,6,7,-65,-58,-78,-65,13,7,4.708148963941846,2.853569193634026,far,far
,,0,2025-01-14T08:36:00Z,2025-01-14T08:39:00Z,2025-01-14T08:38:08Z,read,EEA12222,Stellantis1,Stellantis1,5,7,6,8,-66,-56,-73,-65,7,9,2.8577380332470397,3.8149143409218795,far,far
,,0,2025-01-14T08:36:00Z,2025-01-14T08:39:00Z,2025-01-14T08:38:10Z,read,EEA12222,Stellantis1,Stellantis1,5,7,7,7,-71,-59,-77,-66,6,7,2.225394561056747,2.7342623276105886,far,far
,,0,2025-01-14T08:36:00Z,2025-01-14T08:39:00Z,2025-01-14T08:38:12Z,read,EEA12222,Stellantis1,Stellantis1,4,6,7,10,-70,-58,-73,-67,3,9,1.0690449676496967,2.988868236194652,far,far
,,0,2025-01-14T08:36:00Z,2025-01-14T08:39:00Z,2025-01-14T08:38:14Z,read,EEA12222,Stellantis1,Stellantis1,4,7,4,12,-69,-58,-74,-66,5,8,2.217355782608347,3.0488447886789096,far,far
,,0,2025-01-14T08:36:00Z,2025-01-14T08:39:00Z,2025-01-14T08:38:16Z,read,EEA12222,Stellantis1,Stellantis1,4,8,7,9,-68,-58,-72,-70,4,12,1.5118578920369077,3.640054944640259,far,far
,,0,2025-01-14T08:36:00Z,2025-01-14T08:39:00Z,2025-01-14T08:38:18Z,read,EEA12222,Stellantis1,Stellantis1,6,7,8,11,-69,-57,-74,-71,5,14,2.199837656347784,4.173509532537548,far,far
,,0,2025-01-14T08:36:00Z,2025-01-14T08:39:00Z,2025-01-14T08:38:20Z,read,EEA12222,Stellantis1,Stellantis1,6,7,12,10,-66,-58,-74,-64,8,6,2.72474630456533,2.2211108331943588,far,far
,,0,2025-01-14T08:36:00Z,2025-01-14T08:39:00Z,2025-01-14T08:38:22Z,read,EEA12222,Stellantis1,Stellantis1,8,5,8,7,-66,-57,-75,-63,9,6,3.090885217631258,2.544836041121405,far,far
,,0,2025-01-14T08:36:00Z,2025-01-14T08:39:00Z,2025-01-14T08:38:24Z,read,EEA12222,Stellantis1,Stellantis1,6,6,5,7,-69,-58,-72,-69,3,11,1.4142135623730967,3.952094080237415,far,far
,,0,2025-01-14T08:36:00Z,2025-01-14T08:39:00Z,2025-01-14T08:38:26Z,read,EEA12222,Stellantis1,Stellantis1,2,5,5,12,-64,-57,-69,-74,5,17,2.0736441353327724,6.107000454024426,far,far
,,0,2025-01-14T08:36:00Z,2025-01-14T08:39:00Z,2025-01-14T08:38:28Z,read,EEA12222,Stellantis1,Stellantis1,5,9,8,10,-68,-58,-73,-73,5,15,1.4880476182856888,4.275251779460218,far,far
,,0,2025-01-14T08:36:00Z,2025-01-14T08:39:00Z,2025-01-14T08:38:30Z,read,EEA12222,Stellantis1,Stellantis1,6,6,10,3,-68,-62,-73,-73,5,11,1.7126976771553453,6.082762530298219,far,far
,,0,2025-01-14T08:36:00Z,2025-01-14T08:39:00Z,2025-01-14T08:38:32Z,read,EEA12222,Stellantis1,Stellantis1,4,2,10,6,-67,-62,-75,-68,8,6,2.201009869229226,2.3166067138525417,far,far
,,0,2025-01-14T08:36:00Z,2025-01-14T08:39:00Z,2025-01-14T08:38:34Z,read,EEA12222,Stellantis1,Stellantis1,7,4,9,13,-67,-60,-75,-66,8,6,2.848001248439177,1.8776690404970278,far,far
,,0,2025-01-14T08:36:00Z,2025-01-14T08:39:00Z,2025-01-14T08:38:36Z,read,EEA12222,Stellantis1,Stellantis1,7,6,6,12,-69,-59,-74,-69,5,10,1.788854381999831,4.264014327112208,far,far
,,0,2025-01-14T08:36:00Z,2025-01-14T08:39:00Z,2025-01-14T08:38:38Z,read,EEA12222,Stellantis1,Stellantis1,5,9,8,9,-71,-58,-77,-69,6,11,1.8516401995451015,3.929942040850532,far,far
,,0,2025-01-14T08:36:00Z,2025-01-14T08:39:00Z,2025-01-14T08:38:40Z,read,EEA12222,Stellantis1,Stellantis1,5,7,10,12,-68,-59,-75,-67,7,8,2.5495097567963936,2.6285149626910846,far,far
,,0,2025-01-14T08:36:00Z,2025-01-14T08:39:00Z,2025-01-14T08:38:42Z,read,EEA12222,Stellantis1,Stellantis1,6,7,7,8,-70,-57,-76,-64,6,7,2.2253945610567483,2.4494897427831797,far,far
,,0,2025-01-14T08:36:00Z,2025-01-14T08:39:00Z,2025-01-14T08:38:44Z,read,EEA12222,Stellantis1,Stellantis1,5,5,10,6,-69,-58,-75,-67,6,9,2.4517567397911058,3.464101615137755,far,far
,,0,2025-01-14T08:36:00Z,2025-01-14T08:39:00Z,2025-01-14T08:38:46Z,read,EEA12222,Stellantis1,Stellantis1,6,4,7,4,-67,-60,-75,-68,8,8,3.1547394428670237,4.08248290463863,far,far
,,0,2025-01-14T08:36:00Z,2025-01-14T08:39:00Z,2025-01-14T08:38:48Z,read,EEA12222,Stellantis1,Stellantis1,6,2,4,9,-71,-58,-74,-69,3,11,1.2583057392117911,3.7342260837346797,far,far
,,0,2025-01-14T08:36:00Z,2025-01-14T08:39:00Z,2025-01-14T08:38:50Z,read,EEA12222,Stellantis1,Stellantis1,3,7,7,12,-67,-59,-74,-65,7,6,2.2886885410853157,2.0375267241229387,far,far
,,0,2025-01-14T08:36:00Z,2025-01-14T08:39:00Z,2025-01-14T08:38:52Z,read,EEA12222,Stellantis1,Stellantis1,4,7,5,6,-66,-59,-74,-65,8,6,3.0495901363953797,1.9407902170679525,far,far
,,0,2025-01-14T08:36:00Z,2025-01-14T08:39:00Z,2025-01-14T08:38:54Z,read,EEA12222,Stellantis1,Stellantis1,5,5,4,12,-70,-58,-74,-66,4,8,1.8929694486000928,2.5346089292516947,far,far
,,0,2025-01-14T08:36:00Z,2025-01-14T08:39:00Z,2025-01-14T08:38:56Z,read,EEA12222,Stellantis1,Stellantis1,4,8,11,10,-66,-58,-73,-65,7,7,2.136266922375662,2.8284271247461903,far,far
,,0,2025-01-14T08:36:00Z,2025-01-14T08:39:00Z,2025-01-14T08:38:58Z,read,EEA12222,Stellantis1,Stellantis1,7,6,4,9,-65,-58,-70,-71,5,13,2.44948974278318,4.612784167699349,far,far
,,0,2025-01-14T08:36:00Z,2025-01-14T08:39:00Z,2025-01-14T08:36:02Z,read,EEA12222,Stellantis1,Stellantis1,,,4,6,-66,-66,-71,-73,5,7,2.4494897427831788,2.3380903889000226,near,near
,,0,2025-01-14T08:36:00Z,2025-01-14T08:39:00Z,2025-01-14T08:36:06Z,read,EEA14444,Stellantis1,Stellantis1,1,1,1,1,-80,-77,-80,-77,0,0,,,near,near
,,0,2025-01-14T08:36:00Z,2025-01-14T08:39:00Z,2025-01-14T08:36:08Z,read,EEA14444,Stellantis1,Stellantis1,1,1,,1,,-78,,-78,,0,,,near,near
,,0,2025-01-14T08:36:00Z,2025-01-14T08:39:00Z,2025-01-14T08:36:14Z,read,EEA14444,Stellantis1,Stellantis1,1,3,4,3,-77,-77,-81,-81,4,4,1.6329931618554536,2,near,near
,,0,2025-01-14T08:36:00Z,2025-01-14T08:39:00Z,2025-01-14T08:36:16Z,read,EEA14444,Stellantis1,Stellantis1,3,2,,4,,-77,,-81,,4,,1.707825127659933,near,near
,,0,2025-01-14T08:36:00Z,2025-01-14T08:39:00Z,2025-01-14T08:36:20Z,read,EEA14444,Stellantis1,Stellantis1,1,2,1,,-83,,-83,,0,,,,near,near
,,0,2025-01-14T08:36:00Z,2025-01-14T08:39:00Z,2025-01-14T08:36:22Z,read,EEA14444,Stellantis1,Stellantis1,1,,,3,,-76,,-78,,2,,1,near,near
,,0,2025-01-14T08:36:00Z,2025-01-14T08:39:00Z,2025-01-14T08:36:26Z,read,EEA14444,Stellantis1,Stellantis1,1,4,,,,,,,,,,,near,near
,,0,2025-01-14T08:36:00Z,2025-01-14T08:39:00Z,2025-01-14T08:36:54Z,read,EEA14444,Stellantis1,Stellantis1,1,2,,1,,-79,,-79,,0,,,near,near
,,0,2025-01-14T08:36:00Z,2025-01-14T08:39:00Z,2025-01-14T08:37:16Z,read,EEA14444,Stellantis1,Stellantis1,2,1,,1,,-78,,-78,,0,,,med,med
,,0,2025-01-14T08:36:00Z,2025-01-14T08:39:00Z,2025-01-14T08:37:20Z,read,EEA14444,Stellantis1,Stellantis1,1,1,3,1,-79,-79,-81,-79,2,0,1.1547005383792526,,med,med
,,0,2025-01-14T08:36:00Z,2025-01-14T08:39:00Z,2025-01-14T08:37:22Z,read,EEA14444,Stellantis1,Stellantis1,2,1,1,,-78,,-78,,0,,,,med,med
,,0,2025-01-14T08:36:00Z,2025-01-14T08:39:00Z,2025-01-14T08:37:24Z,read,EEA14444,Stellantis1,Stellantis1,1,,1,4,-80,-77,-80,-80,0,3,,1.2909944487358056,med,med
,,0,2025-01-14T08:36:00Z,2025-01-14T08:39:00Z,2025-01-14T08:37:26Z,read,EEA14444,Stellantis1,Stellantis1,1,3,2,,-78,,-79,,1,,0.7071067811865476,,med,med
,,0,2025-01-14T08:36:00Z,2025-01-14T08:39:00Z,2025-01-14T08:37:28Z,read,EEA14444,Stellantis1,Stellantis1,2,,,2,,-78,,-78,,0,,0,med,med
,,0,2025-01-14T08:36:00Z,2025-01-14T08:39:00Z,2025-01-14T08:37:34Z,read,EEA14444,Stellantis1,Stellantis1,1,1,,2,,-76,,-80,,4,,2.8284271247461903,med,med
,,0,2025-01-14T08:36:00Z,2025-01-14T08:39:00Z,2025-01-14T08:37:40Z,read,EEA14444,Stellantis1,Stellantis1,1,,,,,,,,,,,,med,med
,,0,2025-01-14T08:36:00Z,2025-01-14T08:39:00Z,2025-01-14T08:37:44Z,read,EEA14444,Stellantis1,Stellantis1,2,2,,2,,-78,,-79,,1,,0.7071067811865476,med,med
,,0,2025-01-14T08:36:00Z,2025-01-14T08:39:00Z,2025-01-14T08:37:48Z,read,EEA14444,Stellantis1,Stellantis1,1,1,,,,,,,,,,,med,med
,,0,2025-01-14T08:36:00Z,2025-01-14T08:39:00Z,2025-01-14T08:37:54Z,read,EEA14444,Stellantis1,Stellantis1,1,,1,,-78,,-78,,0,,,,med,med
,,0,2025-01-14T08:36:00Z,2025-01-14T08:39:00Z,2025-01-14T08:37:56Z,read,EEA14444,Stellantis1,Stellantis1,1,,,,,,,,,,,,med,med
,,0,2025-01-14T08:36:00Z,2025-01-14T08:39:00Z,2025-01-14T08:38:00Z,read,EEA14444,Stellantis1,Stellantis1,1,,1,1,-82,-78,-82,-78,0,0,,,med,med
,,0,2025-01-14T08:36:00Z,2025-01-14T08:39:00Z,2025-01-14T08:38:02Z,read,EEA14444,Stellantis1,Stellantis1,1,1,1,2,-81,-79,-81,-80,0,1,,0.7071067811865476,far,far
,,0,2025-01-14T08:36:00Z,2025-01-14T08:39:00Z,2025-01-14T08:38:04Z,read,EEA14444,Stellantis1,Stellantis1,1,2,1,1,-80,-80,-80,-80,0,0,,,far,far
,,0,2025-01-14T08:36:00Z,2025-01-14T08:39:00Z,2025-01-14T08:38:06Z,read,EEA14444,Stellantis1,Stellantis1,1,1,1,,-80,,-80,,0,,,,far,far
,,0,2025-01-14T08:36:00Z,2025-01-14T08:39:00Z,2025-01-14T08:38:08Z,read,EEA14444,Stellantis1,Stellantis1,1,,,2,,-75,,-80,,5,,3.5355339059327378,far,far
,,0,2025-01-14T08:36:00Z,2025-01-14T08:39:00Z,2025-01-14T08:38:40Z,read,EEA14444,Stellantis1,Stellantis1,1,1,,2,,-75,,-76,,1,,0.7071067811865476,far,far
,,0,2025-01-14T08:36:00Z,2025-01-14T08:39:00Z,2025-01-14T08:38:50Z,read,EEA14444,Stellantis1,Stellantis1,1,1,,,,,,,,,,,far,far
,,0,2025-01-14T08:36:00Z,2025-01-14T08:39:00Z,2025-01-14T08:36:04Z,read,EEA14444,Stellantis1,Stellantis1,,3,1,1,-78,-77,-78,-77,0,0,,,near,near
,,0,2025-01-14T08:36:00Z,2025-01-14T08:39:00Z,2025-01-14T08:36:10Z,read,EEA14444,Stellantis1,Stellantis1,,1,,,,,,,,,,,near,near
,,0,2025-01-14T08:36:00Z,2025-01-14T08:39:00Z,2025-01-14T08:36:18Z,read,EEA14444,Stellantis1,Stellantis1,,4,1,2,-82,-81,-82,-81,0,0,,0,near,near
,,0,2025-01-14T08:36:00Z,2025-01-14T08:39:00Z,2025-01-14T08:36:24Z,read,EEA14444,Stellantis1,Stellantis1,,3,1,5,-83,-77,-83,-84,0,7,,3.114482300479489,near,near
,,0,2025-01-14T08:36:00Z,2025-01-14T08:39:00Z,2025-01-14T08:36:30Z,read,EEA14444,Stellantis1,Stellantis1,,3,,5,,-77,,-80,,3,,1.3416407864998738,near,near
,,0,2025-01-14T08:36:00Z,2025-01-14T08:39:00Z,2025-01-14T08:36:32Z,read,EEA14444,Stellantis1,Stellantis1,,4,,2,,-76,,-81,,5,,3.5355339059327378,near,near
,,0,2025-01-14T08:36:00Z,2025-01-14T08:39:00Z,2025-01-14T08:36:34Z,read,EEA14444,Stellantis1,Stellantis1,,2,,5,,-76,,-79,,3,,1.3038404810405302,near,near
,,0,2025-01-14T08:36:00Z,2025-01-14T08:39:00Z,2025-01-14T08:36:36Z,read,EEA14444,Stellantis1,Stellantis1,,5,,2,,-76,,-77,,1,,0.7071067811865476,near,near
,,0,2025-01-14T08:36:00Z,2025-01-14T08:39:00Z,2025-01-14T08:36:38Z,read,EEA14444,Stellantis1,Stellantis1,,2,,4,,-77,,-80,,3,,1.2583057392117902,near,near
,,0,2025-01-14T08:36:00Z,2025-01-14T08:39:00Z,2025-01-14T08:36:40Z,read,EEA14444,Stellantis1,Stellantis1,,4,,4,,-75,,-81,,6,,3.0000000000000004,near,near
,,0,2025-01-14T08:36:00Z,2025-01-14T08:39:00Z,2025-01-14T08:36:42Z,read,EEA14444,Stellantis1,Stellantis1,,3,,4,,-77,,-80,,3,,1.2583057392117911,near,near
,,0,2025-01-14T08:36:00Z,2025-01-14T08:39:00Z,2025-01-14T08:36:44Z,read,EEA14444,Stellantis1,Stellantis1,,4,,7,,-76,,-78,,2,,0.7559289460184537,near,near
,,0,2025-01-14T08:36:00Z,2025-01-14T08:39:00Z,2025-01-14T08:36:46Z,read,EEA14444,Stellantis1,Stellantis1,,4,,7,,-77,,-81,,4,,1.2149857925879128,near,near
,,0,2025-01-14T08:36:00Z,2025-01-14T08:39:00Z,2025-01-14T08:36:48Z,read,EEA14444,Stellantis1,Stellantis1,,3,,6,,-76,,-79,,3,,1.0488088481701499,near,near
,,0,2025-01-14T08:36:00Z,2025-01-14T08:39:00Z,2025-01-14T08:36:50Z,read,EEA14444,Stellantis1,Stellantis1,,3,,4,,-75,,-78,,3,,1.4142135623730958,near,near
,,0,2025-01-14T08:36:00Z,2025-01-14T08:39:00Z,2025-01-14T08:36:52Z,read,EEA14444,Stellantis1,Stellantis1,,4,1,2,-80,-76,-80,-80,0,4,,2.8284271247461903,near,near
,,0,2025-01-14T08:36:00Z,2025-01-14T08:39:00Z,2025-01-14T08:36:56Z,read,EEA14444,Stellantis1,Stellantis1,,1,,2,,-77,,-78,,1,,0.7071067811865476,near,near
,,0,2025-01-14T08:36:00Z,2025-01-14T08:39:00Z,2025-01-14T08:36:58Z,read,EEA14444,Stellantis1,Stellantis1,,2,,2,,-79,,-79,,0,,0,near,near
,,0,2025-01-14T08:36:00Z,2025-01-14T08:39:00Z,2025-01-14T08:37:00Z,read,EEA14444,Stellantis1,Stellantis1,,2,,5,,-77,,-81,,4,,1.5811388300841898,near,near
,,0,2025-01-14T08:36:00Z,2025-01-14T08:39:00Z,2025-01-14T08:37:02Z,read,EEA14444,Stellantis1,Stellantis1,,2,,2,,-78,,-78,,0,,0,med,med
,,0,2025-01-14T08:36:00Z,2025-01-14T08:39:00Z,2025-01-14T08:37:04Z,read,EEA14444,Stellantis1,Stellantis1,,1,,3,,-79,,-82,,3,,1.5275252316519485,med,med
,,0,2025-01-14T08:36:00Z,2025-01-14T08:39:00Z,2025-01-14T08:37:06Z,read,EEA14444,Stellantis1,Stellantis1,,2,,2,,-80,,-81,,1,,0.7071067811865476,med,med
,,0,2025-01-14T08:36:00Z,2025-01-14T08:39:00Z,2025-01-14T08:37:08Z,read,EEA14444,Stellantis1,Stellantis1,,1,,,,,,,,,,,med,med
,,0,2025-01-14T08:36:00Z,2025-01-14T08:39:00Z,2025-01-14T08:37:18Z,read,EEA14444,Stellantis1,Stellantis1,,1,1,1,-79,-80,-79,-80,0,0,,,med,med
,,0,2025-01-14T08:36:00Z,2025-01-14T08:39:00Z,2025-01-14T08:37:30Z,read,EEA14444,Stellantis1,Stellantis1,,2,,1,,-77,,-77,,0,,,med,med
,,0,2025-01-14T08:36:00Z,2025-01-14T08:39:00Z,2025-01-14T08:37:32Z,read,EEA14444,Stellantis1,Stellantis1,,1,1,2,-82,-77,-82,-79,0,2,,1.4142135623730951,med,med
,,0,2025-01-14T08:36:00Z,2025-01-14T08:39:00Z,2025-01-14T08:37:36Z,read,EEA14444,Stellantis1,Stellantis1,,2,,3,,-75,,-79,,4,,2,med,med
,,0,2025-01-14T08:36:00Z,2025-01-14T08:39:00Z,2025-01-14T08:37:38Z,read,EEA14444,Stellantis1,Stellantis1,,2,1,,-81,,-81,,0,,,,med,med
,,0,2025-01-14T08:36:00Z,2025-01-14T08:39:00Z,2025-01-14T08:37:46Z,read,EEA14444,Stellantis1,Stellantis1,,2,1,1,-81,-79,-81,-79,0,0,,,med,med
,,0,2025-01-14T08:36:00Z,2025-01-14T08:39:00Z,2025-01-14T08:37:52Z,read,EEA14444,Stellantis1,Stellantis1,,1,2,,-81,,-82,,1,,0.7071067811865476,,med,med
,,0,2025-01-14T08:36:00Z,2025-01-14T08:39:00Z,2025-01-14T08:38:10Z,read,EEA14444,Stellantis1,Stellantis1,,2,,1,,-76,,-76,,0,,,far,far
,,0,2025-01-14T08:36:00Z,2025-01-14T08:39:00Z,2025-01-14T08:38:12Z,read,EEA14444,Stellantis1,Stellantis1,,1,,3,,-77,,-81,,4,,2.309401076758505,far,far
,,0,2025-01-14T08:36:00Z,2025-01-14T08:39:00Z,2025-01-14T08:38:14Z,read,EEA14444,Stellantis1,Stellantis1,,3,,,,,,,,,,,far,far
,,0,2025-01-14T08:36:00Z,2025-01-14T08:39:00Z,2025-01-14T08:38:28Z,read,EEA14444,Stellantis1,Stellantis1,,1,,,,,,,,,,,far,far
,,0,2025-01-14T08:36:00Z,2025-01-14T08:39:00Z,2025-01-14T08:38:32Z,read,EEA14444,Stellantis1,Stellantis1,,3,,3,,-75,,-77,,2,,1,far,far
,,0,2025-01-14T08:36:00Z,2025-01-14T08:39:00Z,2025-01-14T08:38:34Z,read,EEA14444,Stellantis1,Stellantis1,,2,,3,,-77,,-78,,1,,0.5773502691896247,far,far
,,0,2025-01-14T08:36:00Z,2025-01-14T08:39:00Z,2025-01-14T08:38:36Z,read,EEA14444,Stellantis1,Stellantis1,,2,,1,,-80,,-80,,0,,,far,far
,,0,2025-01-14T08:36:00Z,2025-01-14T08:39:00Z,2025-01-14T08:38:38Z,read,EEA14444,Stellantis1,Stellantis1,,1,1,1,-80,-77,-80,-77,0,0,,,far,far
,,0,2025-01-14T08:36:00Z,2025-01-14T08:39:00Z,2025-01-14T08:38:42Z,read,EEA14444,Stellantis1,Stellantis1,,2,,,,,,,,,,,far,far
,,0,2025-01-14T08:36:00Z,2025-01-14T08:39:00Z,2025-01-14T08:38:46Z,read,EEA14444,Stellantis1,Stellantis1,,1,,2,,-80,,-81,,1,,0.7071067811865476,far,far
,,0,2025-01-14T08:36:00Z,2025-01-14T08:39:00Z,2025-01-14T08:38:48Z,read,EEA14444,Stellantis1,Stellantis1,,2,1,1,-79,-78,-79,-78,0,0,,,far,far
,,0,2025-01-14T08:36:00Z,2025-01-14T08:39:00Z,2025-01-14T08:38:54Z,read,EEA14444,Stellantis1,Stellantis1,,3,,1,,-76,,-76,,0,,,far,far
,,0,2025-01-14T08:36:00Z,2025-01-14T08:39:00Z,2025-01-14T08:38:56Z,read,EEA14444,Stellantis1,Stellantis1,,1,,1,,-79,,-79,,0,,,far,far
,,0,2025-01-14T08:36:00Z,2025-01-14T08:39:00Z,2025-01-14T08:38:58Z,read,EEA14444,Stellantis1,Stellantis1,,1,,,,,,,,,,,far,far
,,0,2025-01-14T08:36:00Z,2025-01-14T08:39:00Z,2025-01-14T08:36:12Z,read,EEA14444,Stellantis1,Stellantis1,,,1,3,-80,-78,-80,-80,0,2,,1,near,near
,,0,2025-01-14T08:36:00Z,2025-01-14T08:39:00Z,2025-01-14T08:37:14Z,read,EEA14444,Stellantis1,Stellantis1,,,2,2,-79,-79,-80,-81,1,2,0.7071067811865476,1.4142135623730951,med,med
,,0,2025-01-14T08:36:00Z,2025-01-14T08:39:00Z,2025-01-14T08:37:42Z,read,EEA14444,Stellantis1,Stellantis1,,,2,2,-78,-76,-80,-80,2,4,1.4142135623730951,2.8284271247461903,med,med
,,0,2025-01-14T08:36:00Z,2025-01-14T08:39:00Z,2025-01-14T08:37:58Z,read,EEA14444,Stellantis1,Stellantis1,,,1,,-80,,-80,,0,,,,med,med
,,0,2025-01-14T08:36:00Z,2025-01-14T08:39:00Z,2025-01-14T08:36:02Z,read,EEA14444,Stellantis1,Stellantis1,,,,4,,-77,,-80,,3,,1.2909944487358056,near,near
,,0,2025-01-14T08:36:00Z,2025-01-14T08:39:00Z,2025-01-14T08:36:28Z,read,EEA14444,Stellantis1,Stellantis1,,,,4,,-76,,-79,,3,,1.258305739211793,near,near
,,0,2025-01-14T08:36:00Z,2025-01-14T08:39:00Z,2025-01-14T08:37:50Z,read,EEA14444,Stellantis1,Stellantis1,,,,1,,-77,,-77,,0,,,med,med
,,0,2025-01-14T08:36:00Z,2025-01-14T08:39:00Z,2025-01-14T08:38:26Z,read,EEA14444,Stellantis1,Stellantis1,,,,1,,-79,,-79,,0,,,far,far
,,0,2025-01-14T08:36:00Z,2025-01-14T08:39:00Z,2025-01-14T08:38:30Z,read,EEA14444,Stellantis1,Stellantis1,,,,3,,-75,,-77,,2,,1.1547005383792495,far,far
,,0,2025-01-14T08:36:00Z,2025-01-14T08:39:00Z,2025-01-14T08:38:44Z,read,EEA14444,Stellantis1,Stellantis1,,,,1,,-77,,-77,,0,,,far,far
,,0,2025-01-14T08:36:00Z,2025-01-14T08:39:00Z,2025-01-14T08:38:52Z,read,EEA14444,Stellantis1,Stellantis1,,,,3,,-76,,-80,,4,,2.081665999466131,far,far
,,0,2025-01-14T08:36:00Z,2025-01-14T08:39:00Z,2025-01-14T08:37:10Z,read,EEA14444,Stellantis1,Stellantis1,,,,,,,,,,,,,med,med
,,0,2025-01-14T08:36:00Z,2025-01-14T08:39:00Z,2025-01-14T08:37:12Z,read,EEA14444,Stellantis1,Stellantis1,,,,,,,,,,,,,med,med
,,0,2025-01-14T08:36:00Z,2025-01-14T08:39:00Z,2025-01-14T08:38:16Z,read,EEA14444,Stellantis1,Stellantis1,,,,,,,,,,,,,far,far
,,0,2025-01-14T08:36:00Z,2025-01-14T08:39:00Z,2025-01-14T08:38:18Z,read,EEA14444,Stellantis1,Stellantis1,,,,,,,,,,,,,far,far
,,0,2025-01-14T08:36:00Z,2025-01-14T08:39:00Z,2025-01-14T08:38:20Z,read,EEA14444,Stellantis1,Stellantis1,,,,,,,,,,,,,far,far
,,0,2025-01-14T08:36:00Z,2025-01-14T08:39:00Z,2025-01-14T08:38:22Z,read,EEA14444,Stellantis1,Stellantis1,,,,,,,,,,,,,far,far
,,0,2025-01-14T08:36:00Z,2025-01-14T08:39:00Z,2025-01-14T08:38:24Z,read,EEA14444,Stellantis1,Stellantis1,,,,,,,,,,,,,far,far
,,0,2025-01-14T08:36:00Z,2025-01-14T08:39:00Z,2025-01-14T08:36:04Z,read,EEA15555,Stellantis1,Stellantis1,8,,10,4,-57,-65,-67,-66,10,1,3.414023367751831,0.4999999999999988,near,near
,,0,2025-01-14T08:36:00Z,2025-01-14T08:39:00Z,2025-01-14T08:36:06Z,read,EEA15555,Stellantis1,Stellantis1,5,4,8,2,-57,-63,-65,-66,8,3,3.2071349029490914,2.1213203435596424,near,near
,,0,2025-01-14T08:36:00Z,2025-01-14T08:39:00Z,2025-01-14T08:36:08Z,read,EEA15555,Stellantis1,Stellantis1,8,2,14,,-57,,-66,,9,,3.319108843723496,,near,near
,,0,2025-01-14T08:36:00Z,2025-01-14T08:39:00Z,2025-01-14T08:36:10Z,read,EEA15555,Stellantis1,Stellantis1,9,,12,1,-56,-64,-65,-64,9,0,2.6285149626910833,,near,near
,,0,2025-01-14T08:36:00Z,2025-01-14T08:39:00Z,2025-01-14T08:36:12Z,read,EEA15555,Stellantis1,Stellantis1,7,1,14,,-60,,-64,,4,,1.2924123453177263,,near,near
,,0,2025-01-14T08:36:00Z,2025-01-14T08:39:00Z,2025-01-14T08:36:14Z,read,EEA15555,Stellantis1,Stellantis1,8,,16,,-61,,-63,,2,,0.7719024117939599,,near,near
,,0,2025-01-14T08:36:00Z,2025-01-14T08:39:00Z,2025-01-14T08:36:16Z,read,EEA15555,Stellantis1,Stellantis1,9,,14,,-60,,-63,,3,,1.0994504121565503,,near,near
,,0,2025-01-14T08:36:00Z,2025-01-14T08:39:00Z,2025-01-14T08:36:18Z,read,EEA15555,Stellantis1,Stellantis1,9,,11,,-60,,-64,,4,,1.439696937805756,,near,near
,,0,2025-01-14T08:36:00Z,2025-01-14T08:39:00Z,2025-01-14T08:36:20Z,read,EEA15555,Stellantis1,Stellantis1,7,,14,,-60,,-63,,3,,0.9492622930986465,,near,near
,,0,2025-01-14T08:36:00Z,2025-01-14T08:39:00Z,2025-01-14T08:36:22Z,read,EEA15555,Stellantis1,Stellantis1,8,,15,,-61,,-66,,5,,1.7237832147426642,,near,near
,,0,2025-01-14T08:36:00Z,2025-01-14T08:39:00Z,2025-01-14T08:36:24Z,read,EEA15555,Stellantis1,Stellantis1,9,,9,,-60,,-66,,6,,2.14734978778752,,near,near
,,0,2025-01-14T08:36:00Z,2025-01-14T08:39:00Z,2025-01-14T08:36:26Z,read,EEA15555,Stellantis1,Stellantis1,5,,13,,-59,,-65,,6,,1.843213470392373,,near,near
,,0,2025-01-14T08:36:00Z,2025-01-14T08:39:00Z,2025-01-14T08:36:28Z,read,EEA15555,Stellantis1,Stellantis1,9,,13,,-59,,-64,,5,,2.1543039806456394,,near,near
,,0,2025-01-14T08:36:00Z,2025-01-14T08:39:00Z,2025-01-14T08:36:30Z,read,EEA15555,Stellantis1,Stellantis1,9,,17,,-58,,-64,,6,,1.8962036376122988,,near,near
,,0,2025-01-14T08:36:00Z,2025-01-14T08:39:00Z,2025-01-14T08:36:32Z,read,EEA15555,Stellantis1,Stellantis1,8,,17,,-58,,-66,,8,,1.9000773978043777,,near,near
,,0,2025-01-14T08:36:00Z,2025-01-14T08:39:00Z,2025-01-14T08:36:34Z,read,EEA15555,Stellantis1,Stellantis1,9,,14,,-58,,-64,,6,,2.023216892329291,,near,near
,,0,2025-01-14T08:36:00Z,2025-01-14T08:39:00Z,2025-01-14T08:36:36Z,read,EEA15555,Stellantis1,Stellantis1,9,,16,,-58,,-64,,6,,1.8246004128758364,,near,near
,,0,2025-01-14T08:36:00Z,2025-01-14T08:39:00Z,2025-01-14T08:36:38Z,read,EEA15555,Stellantis1,Stellantis1,9,,16,5,-59,-63,-64,-66,5,3,1.7126976771553495,1.3038404810405302,near,near
,,0,2025-01-14T08:36:00Z,2025-01-14T08:39:00Z,2025-01-14T08:36:40Z,read,EEA15555,Stellantis1,Stellantis1,8,5,11,,-57,,-64,,7,,2.4679767200905864,,near,near
,,0,2025-01-14T08:36:00Z,2025-01-14T08:39:00Z,2025-01-14T08:36:42Z,read,EEA15555,Stellantis1,Stellantis1,6,,15,,-57,,-62,,5,,1.473576795226014,,near,near
,,0,2025-01-14T08:36:00Z,2025-01-14T08:39:00Z,2025-01-14T08:36:44Z,read,EEA15555,Stellantis1,Stellantis1,8,,9,,-58,,-60,,2,,0.6009252125773314,,near,near
,,0,2025-01-14T08:36:00Z,2025-01-14T08:39:00Z,2025-01-14T08:36:46Z,read,EEA15555,Stellantis1,Stellantis1,5,,14,,-58,,-61,,3,,1.2157392722216303,,near,near
,,0,2025-01-14T08:36:00Z,2025-01-14T08:39:00Z,2025-01-14T08:36:48Z,read,EEA15555,Stellantis1,Stellantis1,8,,10,,-57,,-61,,4,,1.3165611772087662,,near,near
,,0,2025-01-14T08:36:00Z,2025-01-14T08:39:00Z,2025-01-14T08:36:50Z,read,EEA15555,Stellantis1,Stellantis1,8,,11,,-58,,-64,,6,,2.022599587389728,,near,near
,,0,2025-01-14T08:36:00Z,2025-01-14T08:39:00Z,2025-01-14T08:36:52Z,read,EEA15555,Stellantis1,Stellantis1,7,,13,,-58,,-63,,5,,1.5063966175050882,,near,near
,,0,2025-01-14T08:36:00Z,2025-01-14T08:39:00Z,2025-01-14T08:36:54Z,read,EEA15555,Stellantis1,Stellantis1,8,,12,,-57,,-61,,4,,1.378954368902449,,near,near
,,0,2025-01-14T08:36:00Z,2025-01-14T08:39:00Z,2025-01-14T08:36:56Z,read,EEA15555,Stellantis1,Stellantis1,6,,5,,-58,,-60,,2,,0.8366600265340751,,near,near
,,0,2025-01-14T08:36:00Z,2025-01-14T08:39:00Z,2025-01-14T08:36:58Z,read,EEA15555,Stellantis1,Stellantis1,4,,11,,-57,,-65,,8,,2.638870281699419,,near,near
,,0,2025-01-14T08:36:00Z,2025-01-14T08:39:00Z,2025-01-14T08:37:00Z,read,EEA15555,Stellantis1,Stellantis1,7,,9,,-60,,-65,,5,,1.878237944930774,,near,near
,,0,2025-01-14T08:36:00Z,2025-01-14T08:39:00Z,2025-01-14T08:37:02Z,read,EEA15555,Stellantis1,Stellantis1,5,,12,,-58,,-62,,4,,1.4847711791873701,,med,med
,,0,2025-01-14T08:36:00Z,2025-01-14T08:39:00Z,2025-01-14T08:37:04Z,read,EEA15555,Stellantis1,Stellantis1,8,,16,3,-57,-60,-65,-62,8,2,2.247220505424421,1.154700538379251,med,med
,,0,2025-01-14T08:36:00Z,2025-01-14T08:39:00Z,2025-01-14T08:37:06Z,read,EEA15555,Stellantis1,Stellantis1,9,3,8,2,-59,-61,-65,-64,6,3,2.356601669474803,2.1213203435596424,med,med
,,0,2025-01-14T08:36:00Z,2025-01-14T08:39:00Z,2025-01-14T08:37:08Z,read,EEA15555,Stellantis1,Stellantis1,6,2,1,11,-66,-59,-66,-64,0,5,,1.8586407545691706,med,med
,,0,2025-01-14T08:36:00Z,2025-01-14T08:39:00Z,2025-01-14T08:37:10Z,read,EEA15555,Stellantis1,Stellantis1,1,7,3,11,-58,-59,-65,-64,7,5,3.605551275463989,1.3003496033409974,med,med
,,0,2025-01-14T08:36:00Z,2025-01-14T08:39:00Z,2025-01-14T08:37:12Z,read,EEA15555,Stellantis1,Stellantis1,3,7,10,2,-59,-61,-63,-63,4,2,1.7126976771553508,1.4142135623730951,med,med
,,0,2025-01-14T08:36:00Z,2025-01-14T08:39:00Z,2025-01-14T08:37:14Z,read,EEA15555,Stellantis1,Stellantis1,6,2,7,1,-59,-66,-63,-66,4,0,1.3801311186847083,,med,med
,,0,2025-01-14T08:36:00Z,2025-01-14T08:39:00Z,2025-01-14T08:37:16Z,read,EEA15555,Stellantis1,Stellantis1,6,1,,8,,-59,,-64,,5,,1.6420805617960912,med,med
,,0,2025-01-14T08:36:00Z,2025-01-14T08:39:00Z,2025-01-14T08:37:20Z,read,EEA15555,Stellantis1,Stellantis1,2,,14,4,-59,-64,-64,-66,5,2,1.6854255666327542,0.95742710775634,med,med
,,0,2025-01-14T08:36:00Z,2025-01-14T08:39:00Z,2025-01-14T08:37:22Z,read,EEA15555,Stellantis1,Stellantis1,9,3,6,2,-59,-63,-63,-64,4,1,1.632993161855451,0.7071067811865476,med,med
,,0,2025-01-14T08:36:00Z,2025-01-14T08:39:00Z,2025-01-14T08:37:24Z,read,EEA15555,Stellantis1,Stellantis1,4,2,,6,,-59,,-66,,7,,2.5033311140691463,med,med
,,0,2025-01-14T08:36:00Z,2025-01-14T08:39:00Z,2025-01-14T08:37:28Z,read,EEA15555,Stellantis1,Stellantis1,1,6,13,2,-58,-64,-62,-66,4,2,1.2351684199496944,1.4142135623730951,med,med
,,0,2025-01-14T08:36:00Z,2025-01-14T08:39:00Z,2025-01-14T08:37:30Z,read,EEA15555,Stellantis1,Stellantis1,8,2,12,2,-58,-62,-63,-66,5,4,1.7645499039801547,2.8284271247461903,med,med
,,0,2025-01-14T08:36:00Z,2025-01-14T08:39:00Z,2025-01-14T08:37:32Z,read,EEA15555,Stellantis1,Stellantis1,8,2,4,5,-64,-60,-66,-63,2,3,0.95742710775634,1.0954451150103326,med,med
,,0,2025-01-14T08:36:00Z,2025-01-14T08:39:00Z,2025-01-14T08:37:34Z,read,EEA15555,Stellantis1,Stellantis1,4,4,6,4,-58,-61,-65,-64,7,3,3.4880749227427255,1.5,med,med
,,0,2025-01-14T08:36:00Z,2025-01-14T08:39:00Z,2025-01-14T08:37:36Z,read,EEA15555,Stellantis1,Stellantis1,4,4,11,,-58,,-63,,5,,1.634847782739198,,med,med
,,0,2025-01-14T08:36:00Z,2025-01-14T08:39:00Z,2025-01-14T08:37:38Z,read,EEA15555,Stellantis1,Stellantis1,7,,5,1,-59,-66,-62,-66,3,0,1.3416407864998738,,med,med
,,0,2025-01-14T08:36:00Z,2025-01-14T08:39:00Z,2025-01-14T08:37:40Z,read,EEA15555,Stellantis1,Stellantis1,4,1,5,5,-64,-60,-65,-62,1,2,0.44721359549995715,1.0000000000000009,med,med
,,0,2025-01-14T08:36:00Z,2025-01-14T08:39:00Z,2025-01-14T08:37:42Z,read,EEA15555,Stellantis1,Stellantis1,3,5,9,4,-59,-62,-65,-64,6,2,2.068278940998477,1.1547005383792515,med,med
,,0,2025-01-14T08:36:00Z,2025-01-14T08:39:00Z,2025-01-14T08:37:44Z,read,EEA15555,Stellantis1,Stellantis1,6,3,15,1,-57,-63,-64,-63,7,0,1.9148542155126762,,med,med
,,0,2025-01-14T08:36:00Z,2025-01-14T08:39:00Z,2025-01-14T08:37:46Z,read,EEA15555,Stellantis1,Stellantis1,8,1,4,4,-59,-59,-76,-60,17,1,8.020806277010644,0.5773502691896247,med,med
,,0,2025-01-14T08:36:00Z,2025-01-14T08:39:00Z,2025-01-14T08:37:48Z,read,EEA15555,Stellantis1,Stellantis1,3,4,8,8,-64,-60,-65,-65,1,5,0.5175491695067641,1.7728105208558371,med,med
,,0,2025-01-14T08:36:00Z,2025-01-14T08:39:00Z,2025-01-14T08:37:50Z,read,EEA15555,Stellantis1,Stellantis1,7,7,8,5,-58,-63,-64,-64,6,1,1.9955307206712856,0.44721359549995865,med,med
,,0,2025-01-14T08:36:00Z,2025-01-14T08:39:00Z,2025-01-14T08:37:52Z,read,EEA15555,Stellantis1,Stellantis1,7,4,9,3,-57,-63,-64,-67,7,4,2.351122663277647,2.0816659994661335,med,med
,,0,2025-01-14T08:36:00Z,2025-01-14T08:39:00Z,2025-01-14T08:37:54Z,read,EEA15555,Stellantis1,Stellantis1,7,3,3,3,-64,-60,-65,-64,1,4,0.5773502691896247,2,med,med
,,0,2025-01-14T08:36:00Z,2025-01-14T08:39:00Z,2025-01-14T08:37:56Z,read,EEA15555,Stellantis1,Stellantis1,3,3,6,3,-59,-60,-63,-65,4,5,1.6329931618554527,2.5166114784235836,med,med
,,0,2025-01-14T08:36:00Z,2025-01-14T08:39:00Z,2025-01-14T08:37:58Z,read,EEA15555,Stellantis1,Stellantis1,5,2,15,2,-58,-64,-63,-65,5,1,1.4573295865416047,0.7071067811865476,med,med
,,0,2025-01-14T08:36:00Z,2025-01-14T08:39:00Z,2025-01-14T08:38:00Z,read,EEA15555,Stellantis1,Stellantis1,9,2,6,4,-58,-61,-65,-65,7,4,2.483277404291891,1.6329931618554514,med,med
,,0,2025-01-14T08:36:00Z,2025-01-14T08:39:00Z,2025-01-14T08:38:02Z,read,EEA15555,Stellantis1,Stellantis1,4,4,1,11,-65,-60,-65,-65,0,5,,1.6403990645294495,far,far
,,0,2025-01-14T08:36:00Z,2025-01-14T08:39:00Z,2025-01-14T08:38:04Z,read,EEA15555,Stellantis1,Stellantis1,1,7,,5,,-62,,-65,,3,,1.0954451150103328,far,far
,,0,2025-01-14T08:36:00Z,2025-01-14T08:39:00Z,2025-01-14T08:38:08Z,read,EEA15555,Stellantis1,Stellantis1,4,6,9,3,-60,-60,-66,-64,6,4,1.8027756377319955,2.309401076758502,far,far
,,0,2025-01-14T08:36:00Z,2025-01-14T08:39:00Z,2025-01-14T08:38:10Z,read,EEA15555,Stellantis1,Stellantis1,5,3,15,8,-59,-58,-65,-61,6,3,1.9223002094465076,1.0690449676496974,far,far
,,0,2025-01-14T08:36:00Z,2025-01-14T08:39:00Z,2025-01-14T08:38:12Z,read,EEA15555,Stellantis1,Stellantis1,6,6,12,5,-59,-59,-65,-64,6,5,1.8257418583505525,2.073644135332772,far,far
,,0,2025-01-14T08:36:00Z,2025-01-14T08:39:00Z,2025-01-14T08:38:14Z,read,EEA15555,Stellantis1,Stellantis1,6,3,9,12,-61,-59,-65,-65,4,6,1.691481927515372,1.621353717973927,far,far
,,0,2025-01-14T08:36:00Z,2025-01-14T08:39:00Z,2025-01-14T08:38:16Z,read,EEA15555,Stellantis1,Stellantis1,8,6,12,12,-59,-59,-66,-64,7,5,2.0652243256245835,1.6025547785276542,far,far
,,0,2025-01-14T08:36:00Z,2025-01-14T08:39:00Z,2025-01-14T08:38:18Z,read,EEA15555,Stellantis1,Stellantis1,7,8,7,10,-60,-59,-64,-63,4,4,1.5118578920369097,1.3703203194062976,far,far
,,0,2025-01-14T08:36:00Z,2025-01-14T08:39:00Z,2025-01-14T08:38:20Z,read,EEA15555,Stellantis1,Stellantis1,4,6,,11,,-60,,-64,,4,,1.2060453783110543,far,far
,,0,2025-01-14T08:36:00Z,2025-01-14T08:39:00Z,2025-01-14T08:38:24Z,read,EEA15555,Stellantis1,Stellantis1,5,8,16,13,-59,-58,-66,-63,7,5,2.0289570391377594,1.7021856236720763,far,far
,,0,2025-01-14T08:36:00Z,2025-01-14T08:39:00Z,2025-01-14T08:38:26Z,read,EEA15555,Stellantis1,Stellantis1,6,7,6,9,-62,-59,-69,-63,7,4,2.6394443859772188,1.092906420717,far,far
,,0,2025-01-14T08:36:00Z,2025-01-14T08:39:00Z,2025-01-14T08:38:28Z,read,EEA15555,Stellantis1,Stellantis1,4,6,8,12,-59,-59,-64,-63,5,4,1.959409532049313,1.4433756729740654,far,far
,,0,2025-01-14T08:36:00Z,2025-01-14T08:39:00Z,2025-01-14T08:38:30Z,read,EEA15555,Stellantis1,Stellantis1,5,8,9,15,-59,-58,-64,-64,5,6,1.6158932858054431,1.7265434778633242,far,far
,,0,2025-01-14T08:36:00Z,2025-01-14T08:39:00Z,2025-01-14T08:38:32Z,read,EEA15555,Stellantis1,Stellantis1,4,8,7,6,-61,-59,-64,-62,3,3,1.133893419027682,1.1690451944500129,far,far
,,0,2025-01-14T08:36:00Z,2025-01-14T08:39:00Z,2025-01-14T08:38:34Z,read,EEA15555,Stellantis1,Stellantis1,4,5,10,4,-60,-59,-66,-62,6,3,2.3664319132398464,1.5,far,far
,,0,2025-01-14T08:36:00Z,2025-01-14T08:39:00Z,2025-01-14T08:38:36Z,read,EEA15555,Stellantis1,Stellantis1,5,3,11,9,-61,-57,-65,-63,4,6,1.1677484162422862,2.0615528128088307,far,far
,,0,2025-01-14T08:36:00Z,2025-01-14T08:39:00Z,2025-01-14T08:38:38Z,read,EEA15555,Stellantis1,Stellantis1,5,6,9,8,-59,-58,-64,-63,5,5,1.7873008824606014,1.6690459207925603,far,far
,,0,2025-01-14T08:36:00Z,2025-01-14T08:39:00Z,2025-01-14T08:38:40Z,read,EEA15555,Stellantis1,Stellantis1,4,6,8,7,-61,-59,-64,-61,3,2,1.0350983390135315,0.8997354108424369,far,far
,,0,2025-01-14T08:36:00Z,2025-01-14T08:39:00Z,2025-01-14T08:38:42Z,read,EEA15555,Stellantis1,Stellantis1,4,7,16,8,-60,-60,-65,-64,5,4,1.6918924315688628,1.388730149658828,far,far
,,0,2025-01-14T08:36:00Z,2025-01-14T08:39:00Z,2025-01-14T08:38:44Z,read,EEA15555,Stellantis1,Stellantis1,8,6,10,10,-62,-59,-66,-66,4,7,1.197218999737858,2.183269719175043,far,far
,,0,2025-01-14T08:36:00Z,2025-01-14T08:39:00Z,2025-01-14T08:38:46Z,read,EEA15555,Stellantis1,Stellantis1,6,7,12,7,-61,-59,-66,-64,5,5,1.621353717973928,1.7994708216848745,far,far
,,0,2025-01-14T08:36:00Z,2025-01-14T08:39:00Z,2025-01-14T08:38:48Z,read,EEA15555,Stellantis1,Stellantis1,6,5,13,11,-61,-57,-66,-64,5,7,1.4142135623730945,2.0714509627092528,far,far
,,0,2025-01-14T08:36:00Z,2025-01-14T08:39:00Z,2025-01-14T08:38:50Z,read,EEA15555,Stellantis1,Stellantis1,7,8,5,4,-61,-60,-63,-64,2,4,0.8366600265340753,1.8929694486000905,far,far
,,0,2025-01-14T08:36:00Z,2025-01-14T08:39:00Z,2025-01-14T08:38:52Z,read,EEA15555,Stellantis1,Stellantis1,3,4,11,9,-61,-59,-66,-65,5,6,2.182575626097837,2.488864087178013,far,far
,,0,2025-01-14T08:36:00Z,2025-01-14T08:39:00Z,2025-01-14T08:38:54Z,read,EEA15555,Stellantis1,Stellantis1,7,6,15,8,-59,-61,-66,-66,7,5,2.4553149347021495,2.16712449375401,far,far
,,0,2025-01-14T08:36:00Z,2025-01-14T08:39:00Z,2025-01-14T08:38:56Z,read,EEA15555,Stellantis1,Stellantis1,9,5,9,8,-60,-58,-64,-67,4,9,1.658312395177701,2.659215781283754,far,far
,,0,2025-01-14T08:36:00Z,2025-01-14T08:39:00Z,2025-01-14T08:38:58Z,read,EEA15555,Stellantis1,Stellantis1,6,5,6,6,-60,-59,-66,-61,6,2,2.3166067138525395,0.7527726527090804,far,far
,,0,2025-01-14T08:36:00Z,2025-01-14T08:39:00Z,2025-01-14T08:37:18Z,read,EEA15555,Stellantis1,Stellantis1,,4,3,,-59,,-63,,4,,2.3094010767585034,,med,med
,,0,2025-01-14T08:36:00Z,2025-01-14T08:39:00Z,2025-01-14T08:37:26Z,read,EEA15555,Stellantis1,Stellantis1,,6,1,8,-59,-61,-59,-64,0,3,,1.4142135623730954,med,med
,,0,2025-01-14T08:36:00Z,2025-01-14T08:39:00Z,2025-01-14T08:38:06Z,read,EEA15555,Stellantis1,Stellantis1,,5,9,11,-61,-58,-64,-63,3,5,1.2247448713915894,1.572490786213793,far,far
,,0,2025-01-14T08:36:00Z,2025-01-14T08:39:00Z,2025-01-14T08:38:22Z,read,EEA15555,Stellantis1,Stellantis1,,6,9,12,-60,-59,-64,-65,4,6,1.1180339887498945,1.831955405041456,far,far
,,0,2025-01-14T08:36:00Z,2025-01-14T08:39:00Z,2025-01-14T08:36:02Z,read,EEA15555,Stellantis1,Stellantis1,,,17,,-58,,-66,,8,,2.8837781590455664,,near,near

